id,first_name,last_name,email,gender,ip_address
1,Brodie,Wemes,bwemes0@infoseek.co.jp,Male,119.176.31.95
2,Colver,Shotter,cshotter1@wikispaces.com,Male,246.205.44.155
3,Quincey,Sweeney,qsweeney2@tinyurl.com,Male,230.11.238.114
4,Lucille,Schleswig-Holstein,lschleswigholstein3@businessweek.com,Female,21.24.113.62
5,Carey,Whitaker,cwhitaker4@sakura.ne.jp,Male,30.45.52.250
6,Sheela,Cordeau],scordeau5@wsj.com,Female,55.55.91.48
7,Salem,Presdie,spresdie6@simplemachines.org,Male,139.41.16.221
8,Malvin,Sutherden,msutherden7@lycos.com,Male,144.147.204.168
9,Errol,Murrthum,emurrthum8@google.com.hk,Male,123.165.157.93
10,Leupold,Matterface,lmatterface9@networksolutions.com,Male,39.71.81.10
11,Kilian,Tong,ktonga@arizona.edu,Male,144.27.143.190
12,Brander,Tabourin,btabourinb@boston.com,Male,29.115.103.127
13,Roseann,Toulch,rtoulchc@amazonaws.com,Bigender,18.185.174.115
14,Shirline,Moran,smorand@cnbc.com,Female,21.12.159.243
15,Cassondra,Exter,cextere@microsoft.com,Female,89.157.35.144
16,Clarissa,Vigar,cvigarf@360.cn,Female,26.37.60.230
17,Corabella,Melley,cmelleyg@w3.org,Female,247.55.166.170
18,Cello,Cosslett,ccossletth@joomla.org,Male,102.5.13.208
19,Billy,Cogman,bcogmani@studiopress.com,Bigender,53.175.237.180
20,Jens,Cardwell,jcardwellj@ucoz.ru,Male,225.241.36.159
21,Cherrita,Paolicchi,cpaolicchik@seattletimes.com,Female,230.86.109.231
22,Abey,Brookton,abrooktonl@vistaprint.com,Male,45.32.99.241
23,Kynthia,Bickford,kbickfordm@utexas.edu,Female,191.202.25.232
24,Karina,Leindecker,kleindeckern@is.gd,Genderfluid,65.12.84.181
25,Raeann,Le Provost,rleprovosto@cdbaby.com,Female,158.160.45.55
26,Dee dee,Bootherstone,dbootherstonep@multiply.com,Female,197.121.212.38
27,Arnoldo,Pimme,apimmeq@salon.com,Genderfluid,215.199.222.49
28,Gregory,McQuode,gmcquoder@amazonaws.com,Male,117.33.114.201
29,Tamas,Greave,tgreaves@harvard.edu,Bigender,145.75.102.187
30,Gail,Farlham,gfarlhamt@live.com,Female,188.242.72.88
31,Nanni,Zannolli,nzannolliu@usatoday.com,Female,238.231.153.224
32,Bartolomeo,Curmi,bcurmiv@godaddy.com,Genderqueer,222.25.25.129
33,Corrinne,Skidmore,cskidmorew@smh.com.au,Female,139.187.39.254
34,Marven,Lord,mlordx@google.co.jp,Male,30.157.48.164
35,Karlyn,Coventon,kcoventony@github.com,Female,80.83.176.142
36,Priscilla,Thomlinson,pthomlinsonz@posterous.com,Female,49.69.52.210
37,Marmaduke,Hebner,mhebner10@squidoo.com,Male,243.140.120.125
38,Ludwig,Costelow,lcostelow11@jalbum.net,Male,190.75.64.39
39,Klaus,Quig,kquig12@state.gov,Male,250.136.189.91
40,Conny,Jeffes,cjeffes13@mysql.com,Male,38.78.242.20
41,Karon,Kerrey,kkerrey14@sciencedaily.com,Female,40.19.26.231
42,Isadora,Rosendall,irosendall15@zdnet.com,Female,81.168.87.67
43,Temp,Skullet,tskullet16@odnoklassniki.ru,Male,2.230.180.3
44,Edward,Elphinstone,eelphinstone17@reference.com,Male,12.38.186.147
45,Sascha,Millions,smillions18@ow.ly,Female,242.79.30.124
46,Cesaro,Wyett,cwyett19@lycos.com,Male,54.111.104.180
47,Burk,Khristoforov,bkhristoforov1a@nbcnews.com,Male,179.197.64.38
48,Skipp,Penman,spenman1b@barnesandnoble.com,Male,152.182.105.61
49,Abigail,Partleton,apartleton1c@merriam-webster.com,Female,247.236.75.159
50,Tammi,Margeram,tmargeram1d@taobao.com,Female,100.13.33.248
